Index,Prediction
TRG002728,49.625113099376314
TRG002649,57.157242148892806
TRG002628,59.197750588607455
