Index,Prediction
TRG002728,50.80890792877719
TRG002649,57.40423155620574
TRG002628,58.75185011165665
